{
  "fragment/listViewFB.fragment.xml": 1697054187219,
  "i18n/i18n_en_US.properties": 1701034432721,
  "i18n/i18n.properties": 1701031828808,
  "controller/BaseController.js": 1701165831114,
  "controller/ListView.controller.js": 1701164068199,
  "model/models.js": 1697054187219,
  "controller/App.controller.js": 1699609786163,
  "artifacts/xlsx.js": 1701036419914,
  "artifacts/jszip.js": 1701037099223,
  "manifest.json": 1701166129236,
  "Component.js": 1697054187219,
  "Component-dbg.js": 1697054187219,
  "Component.js.map": 1701166129637,
  "controller/ListView-dbg.controller.js": 1701164068199,
  "controller/ListView.controller.js.map": 1701166130234,
  "model/models-dbg.js": 1697054187219,
  "model/models.js.map": 1701166129652,
  "controller/App-dbg.controller.js": 1699609786163,
  "controller/App.controller.js.map": 1701166129589,
  "artifacts/xlsx-dbg.js": 1701036419914,
  "artifacts/xlsx.js.map": 1701166132108,
  "artifacts/jszip-dbg.js": 1701037099223,
  "artifacts/jszip.js.map": 1701166130919,
  "controller/BaseController-dbg.js": 1701165831114,
  "controller/BaseController.js.map": 1701166129930,
  "Component-preload.js": 1701166132983,
  "Component-preload.js.map": 1701166132985,
  "view/ListView.view.xml": 1700763157243,
  "view/App.view.xml": 1697054187219,
  "fragment/listViewTbl.fragment.xml": 1700854961635,
  "i18n/i18n_en.properties": 1701034428237,
  "fragment/bulkRebateClaimWizard.fragment.xml": 1701119286136,
  "fragment/attachmentDlg.fragment.xml": 1700855333481,
  "css/style.css": 1701120335076,
  "artifacts/Rebate-Claim-Template.xlsx": 1701084542770,
  "annotations/annotation0.xml": 1697054187219,
  "index.html": 1701062407441
}