{
  "manifest.json": 1701554923877,
  "i18n/i18n_en.properties": 1701542032125,
  "i18n/i18n.properties": 1701541981736,
  "i18n/i18n_en_US.properties": 1701542035017,
  "model/formatter.js": 1701554717226,
  "controller/ListView.controller.js": 1701551920093,
  "controller/BaseController.js": 1701554677385,
  "controller/App.controller.js": 1699609786163,
  "artifacts/xlsx.js": 1701036419914,
  "artifacts/jszip.js": 1701037099223,
  "model/models.js": 1697054187219,
  "Component.js": 1697054187219,
  "Component-dbg.js": 1697054187219,
  "Component.js.map": 1701554924282,
  "controller/ListView-dbg.controller.js": 1701551920093,
  "controller/ListView.controller.js.map": 1701554924684,
  "controller/BaseController-dbg.js": 1701554677385,
  "controller/BaseController.js.map": 1701554924508,
  "controller/App-dbg.controller.js": 1699609786163,
  "controller/App.controller.js.map": 1701554924255,
  "artifacts/xlsx-dbg.js": 1701036419914,
  "artifacts/xlsx.js.map": 1701554926627,
  "artifacts/jszip-dbg.js": 1701037099223,
  "artifacts/jszip.js.map": 1701554925483,
  "model/models-dbg.js": 1697054187219,
  "model/models.js.map": 1701554924518,
  "model/formatter-dbg.js": 1701554717226,
  "model/formatter.js.map": 1701554924590,
  "Component-preload.js": 1701554927601,
  "Component-preload.js.map": 1701554927603,
  "view/ListView.view.xml": 1700763157243,
  "view/App.view.xml": 1697054187219,
  "css/style.css": 1701120335076,
  "fragment/postResponse.fragment.xml": 1701553735690,
  "fragment/listViewTbl.fragment.xml": 1700854961635,
  "fragment/listViewFB.fragment.xml": 1697054187219,
  "fragment/bulkRebateClaimWizard.fragment.xml": 1701119286136,
  "fragment/attachmentDlg.fragment.xml": 1700855333481,
  "artifacts/Rebate-Claim-Template.xlsx": 1701084542770,
  "annotations/annotation0.xml": 1697054187219,
  "index.html": 1701062407441
}