{
  "i18n/i18n.properties": 1697034431839,
  "i18n/i18n_en.properties": 1697034436731,
  "i18n/i18n_en_US.properties": 1697034440075,
  "manifest.json": 1697050925225,
  "controller/ListView.controller.js": 1697050859981,
  "controller/BaseController.js": 1697046813552,
  "controller/App.controller.js": 1697008324014,
  "model/models.js": 1696933554026,
  "Component.js": 1696933534938,
  "controller/ListView-dbg.controller.js": 1697050859981,
  "controller/ListView.controller.js.map": 1697050925668,
  "controller/BaseController-dbg.js": 1697046813552,
  "controller/BaseController.js.map": 1697050925593,
  "controller/App-dbg.controller.js": 1697008324014,
  "controller/App.controller.js.map": 1697050925611,
  "model/models-dbg.js": 1696933554026,
  "model/models.js.map": 1697050925586,
  "Component-dbg.js": 1696933534938,
  "Component.js.map": 1697050925594,
  "Component-preload.js": 1697050925889,
  "Component-preload.js.map": 1697050925890,
  "view/ListView.view.xml": 1696933573363,
  "view/App.view.xml": 1696933573363,
  "fragment/listViewTbl.fragment.xml": 1697034410571,
  "fragment/listViewFB.fragment.xml": 1697048437929,
  "css/style.css": 1696933543034,
  "annotations/annotation0.xml": 1697011919244,
  "index.html": 1696933534938
}