{
  "controller/App-dbg.controller.js": 1699609786163,
  "i18n/i18n_en.properties": 1701034428237,
  "i18n/i18n.properties": 1701031828808,
  "Component.js": 1697054187219,
  "controller/ListView.controller.js": 1701036046709,
  "controller/BaseController.js": 1701021148888,
  "controller/App.controller.js": 1699609786163,
  "artifacts/xlsx.js": 1701036419914,
  "artifacts/jszip.js": 1701037099223,
  "manifest.json": 1701062527347,
  "model/models.js": 1697054187219,
  "artifacts/xlsx-dbg.js": 1701036419914,
  "artifacts/xlsx.js.map": 1701062529934,
  "controller/ListView-dbg.controller.js": 1701036046709,
  "controller/ListView.controller.js.map": 1701062528036,
  "controller/BaseController-dbg.js": 1701021148888,
  "controller/BaseController.js.map": 1701062527725,
  "i18n/i18n_en_US.properties": 1701034432721,
  "controller/App.controller.js.map": 1701062527721,
  "Component-dbg.js": 1697054187219,
  "Component.js.map": 1701062527729,
  "artifacts/jszip-dbg.js": 1701037099223,
  "artifacts/jszip.js.map": 1701062528769,
  "model/models-dbg.js": 1697054187219,
  "model/models.js.map": 1701062527734,
  "Component-preload.js": 1701062530762,
  "Component-preload.js.map": 1701062530765,
  "view/ListView.view.xml": 1700763157243,
  "view/App.view.xml": 1697054187219,
  "fragment/listViewTbl.fragment.xml": 1700854961635,
  "fragment/listViewFB.fragment.xml": 1697054187219,
  "fragment/bulkRebateClaimWizard.fragment.xml": 1701032637776,
  "fragment/attachmentDlg.fragment.xml": 1700855333481,
  "css/style.css": 1700764491854,
  "artifacts/Rebate-Claim-Template.xlsx": 1701031197565,
  "annotations/annotation0.xml": 1697054187219,
  "index.html": 1701062407441
}