{
  "annotations/annotation0.xml": 1697054187219,
  "i18n/i18n_en.properties": 1697054187219,
  "i18n/i18n.properties": 1697054187219,
  "controller/BaseController.js": 1699604815541,
  "controller/ListView.controller.js": 1699611945015,
  "model/models.js": 1697054187219,
  "controller/App.controller.js": 1699609786163,
  "manifest.json": 1699612944123,
  "Component.js": 1697054187219,
  "controller/BaseController-dbg.js": 1699604815541,
  "controller/BaseController.js.map": 1699612944455,
  "controller/ListView-dbg.controller.js": 1699611945015,
  "controller/ListView.controller.js.map": 1699612944513,
  "model/models-dbg.js": 1697054187219,
  "model/models.js.map": 1699612944476,
  "controller/App-dbg.controller.js": 1699609786163,
  "controller/App.controller.js.map": 1699612944447,
  "Component-dbg.js": 1697054187219,
  "Component.js.map": 1699612944457,
  "Component-preload.js": 1699612944690,
  "Component-preload.js.map": 1699612944691,
  "view/ListView.view.xml": 1699604815541,
  "view/App.view.xml": 1697054187219,
  "css/style.css": 1697054187219,
  "fragment/listViewTbl.fragment.xml": 1699604815541,
  "fragment/listViewFB.fragment.xml": 1697054187219,
  "i18n/i18n_en_US.properties": 1697054187219,
  "index.html": 1697054187219
}