{
  "controller/BaseController-dbg.js": 1701165831114,
  "i18n/i18n_en_US.properties": 1701034432721,
  "i18n/i18n.properties": 1701031828808,
  "manifest.json": 1701178128000,
  "controller/ListView.controller.js": 1701177593234,
  "controller/BaseController.js": 1701165831114,
  "controller/App.controller.js": 1699609786163,
  "artifacts/xlsx.js": 1701036419914,
  "artifacts/jszip.js": 1701037099223,
  "model/models.js": 1697054187219,
  "Component.js": 1697054187219,
  "artifacts/jszip-dbg.js": 1701037099223,
  "artifacts/jszip.js.map": 1701178129512,
  "i18n/i18n_en.properties": 1701034428237,
  "controller/BaseController.js.map": 1701178128587,
  "controller/App-dbg.controller.js": 1699609786163,
  "controller/App.controller.js.map": 1701178128472,
  "artifacts/xlsx-dbg.js": 1701036419914,
  "artifacts/xlsx.js.map": 1701178130531,
  "controller/ListView-dbg.controller.js": 1701177593234,
  "controller/ListView.controller.js.map": 1701178128866,
  "model/models-dbg.js": 1697054187219,
  "model/models.js.map": 1701178128595,
  "Component-dbg.js": 1697054187219,
  "Component.js.map": 1701178128649,
  "Component-preload.js": 1701178131246,
  "Component-preload.js.map": 1701178131249,
  "view/ListView.view.xml": 1700763157243,
  "view/App.view.xml": 1697054187219,
  "css/style.css": 1701120335076,
  "fragment/listViewTbl.fragment.xml": 1700854961635,
  "fragment/listViewFB.fragment.xml": 1697054187219,
  "fragment/bulkRebateClaimWizard.fragment.xml": 1701119286136,
  "fragment/attachmentDlg.fragment.xml": 1700855333481,
  "artifacts/Rebate-Claim-Template.xlsx": 1701084542770,
  "annotations/annotation0.xml": 1697054187219,
  "index.html": 1701062407441
}